{
  "BMI": {
    "min": 15.0,
    "max": 45.0
  },
  "Glucose": {
    "min": 60.0,
    "max": 152.05361671100178
  },
  "HbA1c": {
    "min": 4.0,
    "max": 7.438120028831883
  },
  "Insulin": {
    "min": 2.0,
    "max": 49.07244002700448
  },
  "Cholesterol": {
    "min": 100.0,
    "max": 276.59764967861065
  },
  "LDL": {
    "min": 55.40816741825113,
    "max": 221.2708837510787
  },
  "HDL": {
    "min": 16.456399298367064,
    "max": 91.4083357651895
  },
  "Triglycerides": {
    "min": 40.0,
    "max": 287.00834794120937
  },
  "Troponin": {
    "min": 5.1884470113261665e-09,
    "max": 0.1329366247796428
  },
  "ALT": {
    "min": 5.0,
    "max": 73.07061748134828
  },
  "AST": {
    "min": 5.0,
    "max": 63.01020406446111
  },
  "Bilirubin": {
    "min": 0.2,
    "max": 2.0459772285290576
  },
  "Creatinine": {
    "min": 0.4,
    "max": 2.2697372750941813
  },
  "BUN": {
    "min": 5.0,
    "max": 35.5690672018879
  },
  "CRP": {
    "min": 2.49843272589882e-06,
    "max": 30.219918910974044
  },
  "Hemoglobin": {
    "min": 8.745871931799835,
    "max": 18.0
  },
  "Hematocrit": {
    "min": 22.609210105872705,
    "max": 60.0
  },
  "RBC": {
    "min": 2.72295364361848,
    "max": 6.821162075652755
  },
  "MCV": {
    "min": 65.11629765932608,
    "max": 110.0
  },
  "WBC": {
    "min": 3.0,
    "max": 16.232767845543563
  },
  "Platelets": {
    "min": 80.0,
    "max": 457.2047463625894
  },
  "SystolicBP": {
    "min": 90.0,
    "max": 170.67732122764423
  },
  "DiastolicBP": {
    "min": 60.0,
    "max": 123.4647394576759
  },
  "Cholesterol_HDL_Ratio": {
    "min": 2.857168957389596,
    "max": 6.666311570692602
  }
}