{
  "accuracy": 0.9773371104815864,
  "macro_recall": 0.980484902573256,
  "macro_f1": 0.9801218940459446,
  "per_class": {
    "0": {
      "precision": 1.0,
      "recall": 1.0,
      "f1-score": 1.0,
      "support": 94.0
    },
    "1": {
      "precision": 1.0,
      "recall": 0.9506172839506173,
      "f1-score": 0.9746835443037974,
      "support": 81.0
    },
    "2": {
      "precision": 1.0,
      "recall": 0.9518072289156626,
      "f1-score": 0.9753086419753086,
      "support": 83.0
    },
    "3": {
      "precision": 0.9058823529411765,
      "recall": 1.0,
      "f1-score": 0.9506172839506173,
      "support": 77.0
    },
    "4": {
      "precision": 1.0,
      "recall": 1.0,
      "f1-score": 1.0,
      "support": 18.0
    },
    "accuracy": 0.9773371104815864,
    "macro avg": {
      "precision": 0.9811764705882353,
      "recall": 0.980484902573256,
      "f1-score": 0.9801218940459446,
      "support": 353.0
    },
    "weighted avg": {
      "precision": 0.9794700883186136,
      "recall": 0.9773371104815864,
      "f1-score": 0.977613357611206,
      "support": 353.0
    }
  }
}